Ana Coca	 12942131@liferay.com  ana.coca@liferay.com
Anderson Perrelli	25591099@liferay.com    anderson.perrelli@liferay.com
André de Oliveira	andre.oliveira@liferay.com   32630670@liferay.com   	81 3049 2446(+1)
André Fabbro	andre.fabbro@liferay.com  40512709@liferay.com
André Ricardo Barreto de Oliveira	32630670@liferay.com   andre.oliveira@liferay.com   	81 3049 2446(+1)
Artur Aquino	42077862@liferay.com   artur.aquino@liferay.com
Bruno Farache	25796@liferay.com  bruno.farache@liferay.com     bfarache@liferay.com
Bruno Pinheiro	bruno.pinheiro@liferay.com  6382384@liferay.com
Carina Araujo	40253133@liferay.com  carina.araujo@liferay.com
Carlos E. Herrera	carlos.herrera@liferay.com    46667852@liferay.com  	+55 (81) 3033-1405(+1)
Daniel Sanz	6802360@liferay.com   daniel.sanz@liferay.com
Eduarda Marques	eduarda.marques@liferay.com   27016866@liferay.com
Eduardo Lundgren	981118@liferay.com    eduardo.lundgren@liferay.com   elundgren@liferay.com
Emanuel Di Matteo	emanuel.matteo@liferay.com   14500469@liferay.com
Fernando Areias	12407251@liferay.com   fernando.areias@liferay.com
Fernando Garcez	fernando.garcez@liferay.com    6054312@liferay.com
Fernando Tadashi Akimoto	fernando.akimoto@liferay.com    13045918@liferay.com
Flávio Moitinho	 24113686@liferay.com   flavio.moitinho@liferay.com
Gabriel Braga	gabriel.braga@liferay.com  23566084@liferay.com
Gustavo Vasconcelos	gustavo.vasconcelos@liferay.com   37437418@liferay.com   	+55 (81) 30331405(+1)
Heloisa Maciel	36103679@liferay.com    heloisa.maciel@liferay.com  	‪+55 81 9646-1003‬
Henrique Pinto	henrique.vicente@liferay.com    35416471@liferay.com  	+55 (81) 988887666
Jadson Dantas	38804630@liferay.com   jadson.dantas@liferay.com
Java	31944812@liferay.com  thiago.rocha@liferay.com    	+55 (81) 999531054(+2)
Joao Farias	5711178@liferay.com   joao.farias@liferay.com
Lais Andrade	49754198@liferay.com   lais.andrade@liferay.com
Leyla Ferreira	12689710@liferay.com  leyla.ferreira@liferay.com
Lino Alves	lino.alves@liferay.com   45310199@liferay.com
Luciana Silva	luciana.silva@liferay.com   57440068@liferay.com
Luisa Nóbrega	59133411@liferay.com  luisa.nobrega@liferay.com
Marcellus Tavares	4188302@liferay.com    marcellus.tavares@liferay.com
Maíra Araujo	maira.araujo@liferay.com  35416517@liferay.com
Pablo Carvalho	pablo.carvalho@liferay.com  32828078@liferay.com
Paulo Fernandes	paulo.fernandes@liferay.com
Pedro Cabral	29130589@liferay.com    pedro.cabral@liferay.com
Raphael Buffone	raphael.buffone@liferay.com  19137038@liferay.com
Renato Rego	42077810@liferay.com  renato.rego@liferay.com
Ricardo Funke	ricardo.funke@liferay.com  14499078@liferay.com
Richard Sezov	richard.sezov@liferay.com  rsezov@liferay.com    29541@liferay.com
Roberto Oliveira	41201026@liferay.com  roberto.oliveira@liferay.com
Rodrigo De Mier	rodrigo.mier@liferay.com    33707706@liferay.com
Ronaldo Nobrega	40937638@liferay.com  ronaldo.nobrega@liferay.com
Silvio Santos	24113819@liferay.com  silvio.santos@liferay.com
Thiago Moreira	192874@liferay.com     tmoreira@liferay.com  thiago.moreira@liferay.com
Thiago Rocha	thiago.rocha@liferay.com  31944812@liferay.com    	+55 81 9953 1054
Vitor Fernandes	27099685@liferay.com  vitor.fernandes@liferay.com    off.vitor@gmail.com	+55 81 981346752
Wilson Man	 11255@liferay.com  wilson.man@liferay.com    wman@liferay.com
